﻿日期,推广计划名称,宝贝名称,宝贝类型,商品id,搜索类型,流量来源,展现量,点击量,花费(分),点击率,平均点击花费(分),千次展现花费(分),点击转化率,直接成交金额(分),直接成交笔数,间接成交金额(分),间接成交笔数,总成交金额(分),总成交笔数,宝贝收藏数,店铺收藏数,总收藏数,投入产出比,直接购物车数,间接购物车数,总购物车数
2019-05-19,4.27-主卖,i7台式电脑全套分期免息主机吃鸡整机家用组装机水冷高配网吧游戏型地下城搬砖高端apex英雄联盟直播游戏专用,宝贝推广,586640073589,搜索,计算机站内,57,0,0,0.00,,0.00,,,,,,,,,,,,,,
2019-05-19,4.27-主卖,i7台式电脑全套分期免息主机吃鸡整机家用组装机水冷高配网吧游戏型地下城搬砖高端apex英雄联盟直播游戏专用,宝贝推广,586640073589,搜索,移动站内,16288,528,160000,3.24,303.03,9823.18,0.76,1264600,4,0,0,1264600,4,22,1,23,7.90,16,2,18
2019-05-19,4.27定向,i7台式电脑全套分期免息主机吃鸡整机家用组装机水冷高配网吧游戏型地下城搬砖高端apex英雄联盟直播游戏专用,宝贝推广,586640073589,搜索,计算机站内,41,0,0,0.00,,0.00,,,,,,,,,,,,,,
2019-05-19,4.27定向,i7台式电脑全套分期免息主机吃鸡整机家用组装机水冷高配网吧游戏型地下城搬砖高端apex英雄联盟直播游戏专用,宝贝推广,586640073589,定向投放,计算机站内,52764,57,7192,0.11,126.18,136.31,0.00,0,0,0,0,0,0,1,0,1,0.00,0,0,0
2019-05-19,4.27定向,i7台式电脑全套分期免息主机吃鸡整机家用组装机水冷高配网吧游戏型地下城搬砖高端apex英雄联盟直播游戏专用,宝贝推广,586640073589,搜索,计算机站外,5,0,0,0.00,,0.00,,,,,,,,,,,,,,
2019-05-19,4.27定向,i7台式电脑全套分期免息主机吃鸡整机家用组装机水冷高配网吧游戏型地下城搬砖高端apex英雄联盟直播游戏专用,宝贝推广,586640073589,定向投放,计算机站外,1367,1,26,0.07,26.00,19.02,,,,,,,,,,,,,,
2019-05-19,4.27定向,i7台式电脑全套分期免息主机吃鸡整机家用组装机水冷高配网吧游戏型地下城搬砖高端apex英雄联盟直播游戏专用,宝贝推广,586640073589,搜索,移动站内,63,1,26,1.59,26.00,412.70,100.00,379900,1,0,0,379900,1,0,0,0,14611.54,0,0,0
2019-05-19,4.27定向,i7台式电脑全套分期免息主机吃鸡整机家用组装机水冷高配网吧游戏型地下城搬砖高端apex英雄联盟直播游戏专用,宝贝推广,586640073589,定向投放,移动站内,5433,42,3546,0.77,84.43,652.68,0.00,0,0,0,0,0,0,2,0,2,0.00,6,1,7
2019-05-19,4.27定向,i7台式电脑全套分期免息主机吃鸡整机家用组装机水冷高配网吧游戏型地下城搬砖高端apex英雄联盟直播游戏专用,宝贝推广,586640073589,搜索,移动站外,97,0,0,0.00,,0.00,,,,,,,,,,,,,,
2019-05-19,4.27定向,i7台式电脑全套分期免息主机吃鸡整机家用组装机水冷高配网吧游戏型地下城搬砖高端apex英雄联盟直播游戏专用,宝贝推广,586640073589,定向投放,移动站外,13403,51,1563,0.38,30.65,116.62,0.00,0,0,0,0,0,0,2,0,2,0.00,0,0,0
2019-05-19,4.16电脑主机词系,i7台式电脑全套分期免息主机吃鸡整机家用组装机水冷高配网吧游戏型地下城搬砖高端apex英雄联盟直播游戏专用,宝贝推广,586640073589,搜索,移动站内,1256,49,16000,3.90,326.53,12738.85,,,,,,,,,,,,,,
2019-05-19,4.27电脑台式,i7台式电脑全套分期免息主机吃鸡整机家用组装机水冷高配网吧游戏型地下城搬砖高端apex英雄联盟直播游戏专用,宝贝推广,586640073589,搜索,计算机站内,4,0,0,0.00,,0.00,,,,,,,,,,,,,,
2019-05-19,4.27电脑台式,i7台式电脑全套分期免息主机吃鸡整机家用组装机水冷高配网吧游戏型地下城搬砖高端apex英雄联盟直播游戏专用,宝贝推广,586640073589,搜索,移动站内,2046,49,16000,2.39,326.53,7820.14,0.00,0,0,0,0,0,0,1,0,1,0.00,1,1,2
2019-05-19,4.23-主卖2899,英特尔i7台式电脑全套主机吃鸡整机家用组装机水冷高配网吧游戏型刺激战场高端直播专用,销量明星,586640073589,搜索,移动站内,153,65,6752,42.48,103.88,44130.72,0.00,0,0,0,0,0,0,1,0,1,0.00,4,1,5
2019-05-19,4.23-1899,英特尔i7台式电脑主机。i5高端吃鸡组装直播apex英雄联盟网吧游戏型水冷lol全套主播专用dnf搬砖办公家用高配,销量明星,572036879603,搜索,移动站内,31,10,1141,32.26,114.10,36806.45,,,,,,,,,,,,,,
2019-05-19,5.19-员工测试,i7台式电脑全套分期免息主机吃鸡整机家用组装机水冷高配网吧游戏型地下城搬砖高端apex英雄联盟直播游戏专用,宝贝推广,586640073589,搜索,移动站内,646,12,5000,1.86,416.67,7739.94,0.00,0,0,0,0,0,0,0,0,0,0.00,1,0,1
2019-05-19,5.19-员工测试,i7台式电脑全套分期免息主机吃鸡整机家用组装机水冷高配网吧游戏型地下城搬砖高端apex英雄联盟直播游戏专用,宝贝推广,586640073589,搜索,移动站外,9,0,0,0.00,,0.00,,,,,,,,,,,,,,
2019-05-20,4.27-主卖,i7台式电脑全套分期免息主机吃鸡整机家用组装机水冷高配网吧游戏型地下城搬砖高端apex英雄联盟直播游戏专用,宝贝推广,586640073589,搜索,计算机站内,58,0,0,0.00,,0.00,,,,,,,,,,,,,,
2019-05-20,4.27-主卖,i7台式电脑全套分期免息主机吃鸡整机家用组装机水冷高配网吧游戏型地下城搬砖高端apex英雄联盟直播游戏专用,宝贝推广,586640073589,搜索,移动站内,14681,505,160000,3.44,316.83,10898.44,1.39,1487596,4,735800,3,2223396,7,15,2,17,13.90,19,3,22
2019-05-20,4.27定向,i7台式电脑全套分期免息主机吃鸡整机家用组装机水冷高配网吧游戏型地下城搬砖高端apex英雄联盟直播游戏专用,宝贝推广,586640073589,搜索,计算机站内,15,1,5,6.67,5.00,333.33,,,,,,,,,,,,,,
2019-05-20,4.27定向,i7台式电脑全套分期免息主机吃鸡整机家用组装机水冷高配网吧游戏型地下城搬砖高端apex英雄联盟直播游戏专用,宝贝推广,586640073589,定向投放,计算机站内,83179,73,8478,0.09,116.14,101.92,,,,,,,,,,,,,,
2019-05-20,4.27定向,i7台式电脑全套分期免息主机吃鸡整机家用组装机水冷高配网吧游戏型地下城搬砖高端apex英雄联盟直播游戏专用,宝贝推广,586640073589,搜索,计算机站外,6,0,0,0.00,,0.00,,,,,,,,,,,,,,
2019-05-20,4.27定向,i7台式电脑全套分期免息主机吃鸡整机家用组装机水冷高配网吧游戏型地下城搬砖高端apex英雄联盟直播游戏专用,宝贝推广,586640073589,定向投放,计算机站外,1390,4,106,0.29,26.50,76.26,,,,,,,,,,,,,,
2019-05-20,4.27定向,i7台式电脑全套分期免息主机吃鸡整机家用组装机水冷高配网吧游戏型地下城搬砖高端apex英雄联盟直播游戏专用,宝贝推广,586640073589,搜索,移动站内,59,0,0,0.00,,0.00,,,,,,,,,,,,,,
2019-05-20,4.27定向,i7台式电脑全套分期免息主机吃鸡整机家用组装机水冷高配网吧游戏型地下城搬砖高端apex英雄联盟直播游戏专用,宝贝推广,586640073589,定向投放,移动站内,6078,62,4163,1.02,67.15,684.93,1.61,329900,1,0,0,329900,1,2,0,2,79.25,15,0,15
2019-05-20,4.27定向,i7台式电脑全套分期免息主机吃鸡整机家用组装机水冷高配网吧游戏型地下城搬砖高端apex英雄联盟直播游戏专用,宝贝推广,586640073589,搜索,移动站外,71,0,0,0.00,,0.00,,,,,,,,,,,,,,
2019-05-20,4.27定向,i7台式电脑全套分期免息主机吃鸡整机家用组装机水冷高配网吧游戏型地下城搬砖高端apex英雄联盟直播游戏专用,宝贝推广,586640073589,定向投放,移动站外,6779,47,1249,0.69,26.57,184.25,0.00,0,0,0,0,0,0,2,0,2,0.00,3,0,3
2019-05-20,4.16电脑主机词系,i7台式电脑全套分期免息主机吃鸡整机家用组装机水冷高配网吧游戏型地下城搬砖高端apex英雄联盟直播游戏专用,宝贝推广,586640073589,搜索,计算机站内,2,0,0,0.00,,0.00,,,,,,,,,,,,,,
2019-05-20,4.16电脑主机词系,i7台式电脑全套分期免息主机吃鸡整机家用组装机水冷高配网吧游戏型地下城搬砖高端apex英雄联盟直播游戏专用,宝贝推广,586640073589,搜索,移动站内,1604,49,16000,3.05,326.53,9975.06,0.00,0,0,0,0,0,0,5,0,5,0.00,0,1,1
2019-05-20,4.27电脑台式,i7台式电脑全套分期免息主机吃鸡整机家用组装机水冷高配网吧游戏型地下城搬砖高端apex英雄联盟直播游戏专用,宝贝推广,586640073589,搜索,计算机站内,3,0,0,0.00,,0.00,,,,,,,,,,,,,,
2019-05-20,4.27电脑台式,i7台式电脑全套分期免息主机吃鸡整机家用组装机水冷高配网吧游戏型地下城搬砖高端apex英雄联盟直播游戏专用,宝贝推广,586640073589,搜索,移动站内,1685,50,16000,2.97,320.00,9495.55,0.00,0,0,0,0,0,0,0,0,0,0.00,2,0,2
2019-05-20,4.23-主卖2899,英特尔i7台式电脑全套主机吃鸡整机家用组装机水冷高配网吧游戏型刺激战场高端直播专用,销量明星,586640073589,搜索,移动站内,163,76,8498,46.63,111.82,52134.97,2.63,892800,2,0,0,892800,2,3,0,3,105.06,6,0,6
2019-05-20,4.23-1899,英特尔i7台式电脑主机。i5高端吃鸡组装直播apex英雄联盟网吧游戏型水冷lol全套主播专用dnf搬砖办公家用高配,销量明星,572036879603,搜索,移动站内,24,19,1925,79.17,101.32,80208.33,0.00,0,0,0,0,0,0,2,0,2,0.00,1,0,1
2019-05-20,5.19-员工测试,i7台式电脑全套分期免息主机吃鸡整机家用组装机水冷高配网吧游戏型地下城搬砖高端apex英雄联盟直播游戏专用,宝贝推广,586640073589,搜索,计算机站内,2,0,0,0.00,,0.00,,,,,,,,,,,,,,
2019-05-20,5.19-员工测试,i7台式电脑全套分期免息主机吃鸡整机家用组装机水冷高配网吧游戏型地下城搬砖高端apex英雄联盟直播游戏专用,宝贝推广,586640073589,搜索,移动站内,1124,16,5000,1.42,312.50,4448.40,,,,,,,,,,,,,,
2019-05-21,4.27-主卖,i7台式电脑全套分期免息主机吃鸡整机家用组装机水冷高配网吧游戏型地下城搬砖高端apex英雄联盟直播游戏专用,宝贝推广,586640073589,搜索,计算机站内,65,0,0,0.00,,0.00,,,,,,,,,,,,,,
2019-05-21,4.27-主卖,i7台式电脑全套分期免息主机吃鸡整机家用组装机水冷高配网吧游戏型地下城搬砖高端apex英雄联盟直播游戏专用,宝贝推广,586640073589,搜索,移动站内,23685,531,169585,2.24,319.37,7160.02,0.57,1035772,3,0,0,1035772,3,10,1,11,6.11,17,3,20
2019-05-21,4.27定向,i7台式电脑全套分期免息主机吃鸡整机家用组装机水冷高配网吧游戏型地下城搬砖高端apex英雄联盟直播游戏专用,宝贝推广,586640073589,搜索,计算机站内,20,0,0,0.00,,0.00,,,,,,,,,,,,,,
2019-05-21,4.27定向,i7台式电脑全套分期免息主机吃鸡整机家用组装机水冷高配网吧游戏型地下城搬砖高端apex英雄联盟直播游戏专用,宝贝推广,586640073589,定向投放,计算机站内,75275,80,9315,0.11,116.44,123.75,0.00,0,0,0,0,0,0,1,0,1,0.00,1,0,1
2019-05-21,4.27定向,i7台式电脑全套分期免息主机吃鸡整机家用组装机水冷高配网吧游戏型地下城搬砖高端apex英雄联盟直播游戏专用,宝贝推广,586640073589,搜索,计算机站外,3,0,0,0.00,,0.00,,,,,,,,,,,,,,
2019-05-21,4.27定向,i7台式电脑全套分期免息主机吃鸡整机家用组装机水冷高配网吧游戏型地下城搬砖高端apex英雄联盟直播游戏专用,宝贝推广,586640073589,定向投放,计算机站外,1098,3,74,0.27,24.67,67.40,,,,,,,,,,,,,,
2019-05-21,4.27定向,i7台式电脑全套分期免息主机吃鸡整机家用组装机水冷高配网吧游戏型地下城搬砖高端apex英雄联盟直播游戏专用,宝贝推广,586640073589,搜索,移动站内,59,0,0,0.00,,0.00,,,,,,,,,,,,,,
2019-05-21,4.27定向,i7台式电脑全套分期免息主机吃鸡整机家用组装机水冷高配网吧游戏型地下城搬砖高端apex英雄联盟直播游戏专用,宝贝推广,586640073589,定向投放,移动站内,5843,58,3623,0.99,62.47,620.06,1.72,379900,1,0,0,379900,1,0,0,0,104.86,13,1,14
2019-05-21,4.27定向,i7台式电脑全套分期免息主机吃鸡整机家用组装机水冷高配网吧游戏型地下城搬砖高端apex英雄联盟直播游戏专用,宝贝推广,586640073589,搜索,移动站外,33,0,0,0.00,,0.00,,,,,,,,,,,,,,
2019-05-21,4.27定向,i7台式电脑全套分期免息主机吃鸡整机家用组装机水冷高配网吧游戏型地下城搬砖高端apex英雄联盟直播游戏专用,宝贝推广,586640073589,定向投放,移动站外,10337,60,1570,0.58,26.17,151.88,0.00,0,0,0,0,0,0,3,0,3,0.00,0,0,0
2019-05-21,4.16电脑主机词系,i7台式电脑全套分期免息主机吃鸡整机家用组装机水冷高配网吧游戏型地下城搬砖高端apex英雄联盟直播游戏专用,宝贝推广,586640073589,搜索,移动站内,2497,50,16000,2.00,320.00,6407.69,0.00,0,0,0,0,0,0,1,0,1,0.00,2,0,2
2019-05-21,4.27电脑台式,i7台式电脑全套分期免息主机吃鸡整机家用组装机水冷高配网吧游戏型地下城搬砖高端apex英雄联盟直播游戏专用,宝贝推广,586640073589,搜索,计算机站内,2,0,0,0.00,,0.00,,,,,,,,,,,,,,
2019-05-21,4.27电脑台式,i7台式电脑全套分期免息主机吃鸡整机家用组装机水冷高配网吧游戏型地下城搬砖高端apex英雄联盟直播游戏专用,宝贝推广,586640073589,搜索,移动站内,1666,49,16000,2.94,326.53,9603.84,0.00,0,0,0,0,0,0,1,0,1,0.00,0,0,0
2019-05-21,4.23-主卖2899,英特尔i7台式电脑全套主机吃鸡整机家用组装机水冷高配网吧游戏型刺激战场高端直播专用,销量明星,586640073589,搜索,移动站内,165,55,6922,33.33,125.85,41951.52,0.00,0,0,0,0,0,0,1,0,1,0.00,4,0,4
2019-05-21,4.23-1899,英特尔i7台式电脑主机。i5高端吃鸡组装直播apex英雄联盟网吧游戏型水冷lol全套主播专用dnf搬砖办公家用高配,销量明星,572036879603,搜索,移动站内,21,7,751,33.33,107.29,35761.90,,,,,,,,,,,,,,
2019-05-21,5.19-员工测试,i7台式电脑全套分期免息主机吃鸡整机家用组装机水冷高配网吧游戏型地下城搬砖高端apex英雄联盟直播游戏专用,宝贝推广,586640073589,搜索,计算机站内,1,0,0,0.00,,0.00,,,,,,,,,,,,,,
2019-05-21,5.19-员工测试,i7台式电脑全套分期免息主机吃鸡整机家用组装机水冷高配网吧游戏型地下城搬砖高端apex英雄联盟直播游戏专用,宝贝推广,586640073589,搜索,移动站内,1050,15,5000,1.43,333.33,4761.90,,,,,,,,,,,,,,
2019-05-22,4.27-主卖,i7台式电脑全套分期免息主机吃鸡整机家用组装机水冷高配网吧游戏型地下城搬砖高端apex英雄联盟直播游戏专用,宝贝推广,586640073589,搜索,计算机站内,71,0,0,0.00,,0.00,,,,,,,,,,,,,,
2019-05-22,4.27-主卖,i7台式电脑全套分期免息主机吃鸡整机家用组装机水冷高配网吧游戏型地下城搬砖高端apex英雄联盟直播游戏专用,宝贝推广,586640073589,搜索,移动站内,23695,518,170000,2.19,328.19,7174.51,0.39,579800,2,0,0,579800,2,6,0,6,3.41,14,0,14
2019-05-22,4.27定向,i7台式电脑全套分期免息主机吃鸡整机家用组装机水冷高配网吧游戏型地下城搬砖高端apex英雄联盟直播游戏专用,宝贝推广,586640073589,搜索,计算机站内,9,0,0,0.00,,0.00,,,,,,,,,,,,,,
2019-05-22,4.27定向,i7台式电脑全套分期免息主机吃鸡整机家用组装机水冷高配网吧游戏型地下城搬砖高端apex英雄联盟直播游戏专用,宝贝推广,586640073589,定向投放,计算机站内,84169,84,9657,0.10,114.96,114.73,0.00,0,0,0,0,0,0,1,0,1,0.00,0,0,0
2019-05-22,4.27定向,i7台式电脑全套分期免息主机吃鸡整机家用组装机水冷高配网吧游戏型地下城搬砖高端apex英雄联盟直播游戏专用,宝贝推广,586640073589,搜索,计算机站外,3,0,0,0.00,,0.00,,,,,,,,,,,,,,
2019-05-22,4.27定向,i7台式电脑全套分期免息主机吃鸡整机家用组装机水冷高配网吧游戏型地下城搬砖高端apex英雄联盟直播游戏专用,宝贝推广,586640073589,定向投放,计算机站外,1304,2,39,0.15,19.50,29.91,,,,,,,,,,,,,,
2019-05-22,4.27定向,i7台式电脑全套分期免息主机吃鸡整机家用组装机水冷高配网吧游戏型地下城搬砖高端apex英雄联盟直播游戏专用,宝贝推广,586640073589,搜索,移动站内,49,0,0,0.00,,0.00,,,,,,,,,,,,,,
2019-05-22,4.27定向,i7台式电脑全套分期免息主机吃鸡整机家用组装机水冷高配网吧游戏型地下城搬砖高端apex英雄联盟直播游戏专用,宝贝推广,586640073589,定向投放,移动站内,5994,53,2912,0.88,54.94,485.82,0.00,0,0,0,0,0,0,1,0,1,0.00,7,0,7
2019-05-22,4.27定向,i7台式电脑全套分期免息主机吃鸡整机家用组装机水冷高配网吧游戏型地下城搬砖高端apex英雄联盟直播游戏专用,宝贝推广,586640073589,搜索,移动站外,34,0,0,0.00,,0.00,,,,,,,,,,,,,,
2019-05-22,4.27定向,i7台式电脑全套分期免息主机吃鸡整机家用组装机水冷高配网吧游戏型地下城搬砖高端apex英雄联盟直播游戏专用,宝贝推广,586640073589,定向投放,移动站外,6532,47,1292,0.72,27.49,197.80,0.00,0,0,0,0,0,0,0,0,0,0.00,1,0,1
2019-05-22,4.16电脑主机词系,i7台式电脑全套分期免息主机吃鸡整机家用组装机水冷高配网吧游戏型地下城搬砖高端apex英雄联盟直播游戏专用,宝贝推广,586640073589,搜索,移动站内,2472,51,16000,2.06,313.73,6472.49,0.00,0,0,0,0,0,0,0,0,0,0.00,1,0,1
2019-05-22,4.27电脑台式,i7台式电脑全套分期免息主机吃鸡整机家用组装机水冷高配网吧游戏型地下城搬砖高端apex英雄联盟直播游戏专用,宝贝推广,586640073589,搜索,计算机站内,3,0,0,0.00,,0.00,,,,,,,,,,,,,,
2019-05-22,4.27电脑台式,i7台式电脑全套分期免息主机吃鸡整机家用组装机水冷高配网吧游戏型地下城搬砖高端apex英雄联盟直播游戏专用,宝贝推广,586640073589,搜索,移动站内,1814,47,16000,2.59,340.43,8820.29,2.13,379900,1,0,0,379900,1,2,0,2,23.74,1,0,1
2019-05-22,4.23-主卖2899,英特尔i7台式电脑全套主机吃鸡整机家用组装机水冷高配网吧游戏型刺激战场高端直播专用,销量明星,586640073589,搜索,移动站内,188,85,10982,45.21,129.20,58414.89,0.00,0,0,0,0,0,0,2,0,2,0.00,7,0,7
2019-05-22,4.23-1899,英特尔i7台式电脑主机。i5高端吃鸡组装直播apex英雄联盟网吧游戏型水冷lol全套主播专用dnf搬砖办公家用高配,销量明星,572036879603,搜索,移动站内,20,7,578,35.00,82.57,28900.00,,,,,,,,,,,,,,
2019-05-23,4.27-主卖,i7台式电脑全套分期免息主机吃鸡整机家用组装机水冷高配网吧游戏型地下城搬砖高端apex英雄联盟直播游戏专用,宝贝推广,586640073589,搜索,计算机站内,78,1,5,1.28,5.00,64.10,,,,,,,,,,,,,,
2019-05-23,4.27-主卖,i7台式电脑全套分期免息主机吃鸡整机家用组装机水冷高配网吧游戏型地下城搬砖高端apex英雄联盟直播游戏专用,宝贝推广,586640073589,搜索,移动站内,15984,521,169985,3.26,326.27,10634.70,0.38,579800,2,0,0,579800,2,9,2,11,3.41,24,3,27
2019-05-23,4.27定向,i7台式电脑全套分期免息主机吃鸡整机家用组装机水冷高配网吧游戏型地下城搬砖高端apex英雄联盟直播游戏专用,宝贝推广,586640073589,搜索,计算机站内,12,0,0,0.00,,0.00,,,,,,,,,,,,,,
2019-05-23,4.27定向,i7台式电脑全套分期免息主机吃鸡整机家用组装机水冷高配网吧游戏型地下城搬砖高端apex英雄联盟直播游戏专用,宝贝推广,586640073589,定向投放,计算机站内,81268,91,11227,0.11,123.37,138.15,0.00,0,0,0,0,0,0,0,0,0,0.00,2,0,2
2019-05-23,4.27定向,i7台式电脑全套分期免息主机吃鸡整机家用组装机水冷高配网吧游戏型地下城搬砖高端apex英雄联盟直播游戏专用,宝贝推广,586640073589,搜索,计算机站外,11,0,0,0.00,,0.00,,,,,,,,,,,,,,
2019-05-23,4.27定向,i7台式电脑全套分期免息主机吃鸡整机家用组装机水冷高配网吧游戏型地下城搬砖高端apex英雄联盟直播游戏专用,宝贝推广,586640073589,定向投放,计算机站外,1397,2,34,0.14,17.00,24.34,,,,,,,,,,,,,,
2019-05-23,4.27定向,i7台式电脑全套分期免息主机吃鸡整机家用组装机水冷高配网吧游戏型地下城搬砖高端apex英雄联盟直播游戏专用,宝贝推广,586640073589,搜索,移动站内,35,0,0,0.00,,0.00,,,,,,,,,,,,,,
2019-05-23,4.27定向,i7台式电脑全套分期免息主机吃鸡整机家用组装机水冷高配网吧游戏型地下城搬砖高端apex英雄联盟直播游戏专用,宝贝推广,586640073589,定向投放,移动站内,5238,38,2246,0.73,59.11,428.79,0.00,0,0,0,0,0,0,1,0,1,0.00,9,0,9
2019-05-23,4.27定向,i7台式电脑全套分期免息主机吃鸡整机家用组装机水冷高配网吧游戏型地下城搬砖高端apex英雄联盟直播游戏专用,宝贝推广,586640073589,搜索,移动站外,49,0,0,0.00,,0.00,,,,,,,,,,,,,,
2019-05-23,4.27定向,i7台式电脑全套分期免息主机吃鸡整机家用组装机水冷高配网吧游戏型地下城搬砖高端apex英雄联盟直播游戏专用,宝贝推广,586640073589,定向投放,移动站外,4613,35,1096,0.76,31.31,237.59,0.00,0,0,0,0,0,0,4,0,4,0.00,1,0,1
2019-05-23,4.16电脑主机词系,i7台式电脑全套分期免息主机吃鸡整机家用组装机水冷高配网吧游戏型地下城搬砖高端apex英雄联盟直播游戏专用,宝贝推广,586640073589,搜索,计算机站内,3,0,0,0.00,,0.00,,,,,,,,,,,,,,
2019-05-23,4.16电脑主机词系,i7台式电脑全套分期免息主机吃鸡整机家用组装机水冷高配网吧游戏型地下城搬砖高端apex英雄联盟直播游戏专用,宝贝推广,586640073589,搜索,移动站内,2268,51,16000,2.25,313.73,7054.67,0.00,0,0,0,0,0,0,1,0,1,0.00,2,0,2
2019-05-23,4.27电脑台式,i7台式电脑全套分期免息主机吃鸡整机家用组装机水冷高配网吧游戏型地下城搬砖高端apex英雄联盟直播游戏专用,宝贝推广,586640073589,搜索,移动站内,1392,48,16000,3.45,333.33,11494.25,2.08,337600,1,0,0,337600,1,0,0,0,21.10,0,0,0
2019-05-23,4.23-主卖2899,英特尔i7台式电脑全套主机吃鸡整机家用组装机水冷高配网吧游戏型刺激战场高端直播专用,销量明星,586640073589,搜索,移动站内,130,68,7786,52.31,114.50,59892.31,0.00,0,0,0,0,0,0,5,0,5,0.00,4,0,4
2019-05-23,4.23-1899,英特尔i7台式电脑主机。i5高端吃鸡组装直播apex英雄联盟网吧游戏型水冷lol全套主播专用dnf搬砖办公家用高配,销量明星,572036879603,搜索,移动站内,34,9,823,26.47,91.44,24205.88,0.00,0,0,0,0,0,0,0,0,0,0.00,1,0,1
2019-05-24,4.27-主卖,i7台式电脑全套分期免息主机吃鸡整机家用组装机水冷高配网吧游戏型地下城搬砖高端apex英雄联盟直播游戏专用,宝贝推广,586640073589,搜索,计算机站内,62,0,0,0.00,,0.00,,,,,,,,,,,,,,
2019-05-24,4.27-主卖,i7台式电脑全套分期免息主机吃鸡整机家用组装机水冷高配网吧游戏型地下城搬砖高端apex英雄联盟直播游戏专用,宝贝推广,586640073589,搜索,移动站内,16810,509,170000,3.03,333.99,10113.03,1.57,2199300,7,594762,1,2794062,8,7,2,9,16.44,22,1,23
2019-05-24,4.27定向,i7台式电脑全套分期免息主机吃鸡整机家用组装机水冷高配网吧游戏型地下城搬砖高端apex英雄联盟直播游戏专用,宝贝推广,586640073589,搜索,计算机站内,16,0,0,0.00,,0.00,,,,,,,,,,,,,,
2019-05-24,4.27定向,i7台式电脑全套分期免息主机吃鸡整机家用组装机水冷高配网吧游戏型地下城搬砖高端apex英雄联盟直播游戏专用,宝贝推广,586640073589,定向投放,计算机站内,81888,67,7722,0.08,115.25,94.30,0.00,0,0,0,0,0,0,0,0,0,0.00,2,0,2
2019-05-24,4.27定向,i7台式电脑全套分期免息主机吃鸡整机家用组装机水冷高配网吧游戏型地下城搬砖高端apex英雄联盟直播游戏专用,宝贝推广,586640073589,搜索,计算机站外,8,0,0,0.00,,0.00,,,,,,,,,,,,,,
2019-05-24,4.27定向,i7台式电脑全套分期免息主机吃鸡整机家用组装机水冷高配网吧游戏型地下城搬砖高端apex英雄联盟直播游戏专用,宝贝推广,586640073589,定向投放,计算机站外,1265,1,32,0.08,32.00,25.30,,,,,,,,,,,,,,
2019-05-24,4.27定向,i7台式电脑全套分期免息主机吃鸡整机家用组装机水冷高配网吧游戏型地下城搬砖高端apex英雄联盟直播游戏专用,宝贝推广,586640073589,搜索,移动站内,38,0,0,0.00,,0.00,,,,,,,,,,,,,,
2019-05-24,4.27定向,i7台式电脑全套分期免息主机吃鸡整机家用组装机水冷高配网吧游戏型地下城搬砖高端apex英雄联盟直播游戏专用,宝贝推广,586640073589,定向投放,移动站内,5786,57,3274,0.99,57.44,565.85,0.00,0,0,0,0,0,0,2,0,2,0.00,11,0,11
2019-05-24,4.27定向,i7台式电脑全套分期免息主机吃鸡整机家用组装机水冷高配网吧游戏型地下城搬砖高端apex英雄联盟直播游戏专用,宝贝推广,586640073589,搜索,移动站外,13,0,0,0.00,,0.00,,,,,,,,,,,,,,
2019-05-24,4.27定向,i7台式电脑全套分期免息主机吃鸡整机家用组装机水冷高配网吧游戏型地下城搬砖高端apex英雄联盟直播游戏专用,宝贝推广,586640073589,定向投放,移动站外,6026,22,667,0.37,30.32,110.69,0.00,0,0,0,0,0,0,0,0,0,0.00,4,0,4
2019-05-24,4.16电脑主机词系,i7台式电脑全套分期免息主机吃鸡整机家用组装机水冷高配网吧游戏型地下城搬砖高端apex英雄联盟直播游戏专用,宝贝推广,586640073589,搜索,计算机站内,1,0,0,0.00,,0.00,,,,,,,,,,,,,,
2019-05-24,4.16电脑主机词系,i7台式电脑全套分期免息主机吃鸡整机家用组装机水冷高配网吧游戏型地下城搬砖高端apex英雄联盟直播游戏专用,宝贝推广,586640073589,搜索,移动站内,1472,49,16000,3.33,326.53,10869.57,0.00,0,0,0,0,0,0,3,0,3,0.00,2,0,2
2019-05-24,4.27电脑台式,i7台式电脑全套分期免息主机吃鸡整机家用组装机水冷高配网吧游戏型地下城搬砖高端apex英雄联盟直播游戏专用,宝贝推广,586640073589,搜索,计算机站内,3,0,0,0.00,,0.00,,,,,,,,,,,,,,
2019-05-24,4.27电脑台式,i7台式电脑全套分期免息主机吃鸡整机家用组装机水冷高配网吧游戏型地下城搬砖高端apex英雄联盟直播游戏专用,宝贝推广,586640073589,搜索,移动站内,1217,47,16000,3.86,340.43,13147.08,0.00,0,0,0,0,0,0,2,0,2,0.00,1,0,1
2019-05-24,4.23-主卖2899,英特尔i7台式电脑全套主机吃鸡整机家用组装机水冷高配网吧游戏型刺激战场高端直播专用,销量明星,586640073589,搜索,移动站内,126,50,5593,39.68,111.86,44388.89,0.00,0,0,0,0,0,0,1,0,1,0.00,2,1,3
2019-05-24,4.23-1899,英特尔i7台式电脑主机。i5高端吃鸡组装直播apex英雄联盟网吧游戏型水冷lol全套主播专用dnf搬砖办公家用高配,销量明星,572036879603,搜索,移动站内,49,28,2461,57.14,87.89,50224.49,0.00,0,0,0,0,0,0,0,0,0,0.00,4,2,6
2019-05-25,4.27-主卖,i7台式电脑全套分期免息主机吃鸡整机家用组装机水冷高配网吧游戏型地下城搬砖高端apex英雄联盟直播游戏专用,宝贝推广,586640073589,搜索,计算机站内,82,0,0,0.00,,0.00,,,,,,,,,,,,,,
2019-05-25,4.27-主卖,i7台式电脑全套分期免息主机吃鸡整机家用组装机水冷高配网吧游戏型地下城搬砖高端apex英雄联盟直播游戏专用,宝贝推广,586640073589,搜索,移动站内,16536,533,170000,3.22,318.95,10280.60,0.38,579800,2,0,0,579800,2,13,0,13,3.41,15,0,15
2019-05-25,4.27定向,i7台式电脑全套分期免息主机吃鸡整机家用组装机水冷高配网吧游戏型地下城搬砖高端apex英雄联盟直播游戏专用,宝贝推广,586640073589,搜索,计算机站内,16,0,0,0.00,,0.00,,,,,,,,,,,,,,
2019-05-25,4.27定向,i7台式电脑全套分期免息主机吃鸡整机家用组装机水冷高配网吧游戏型地下城搬砖高端apex英雄联盟直播游戏专用,宝贝推广,586640073589,定向投放,计算机站内,70899,81,9273,0.11,114.48,130.79,0.00,0,0,0,0,0,0,0,0,0,0.00,0,1,1
2019-05-25,4.27定向,i7台式电脑全套分期免息主机吃鸡整机家用组装机水冷高配网吧游戏型地下城搬砖高端apex英雄联盟直播游戏专用,宝贝推广,586640073589,搜索,计算机站外,10,0,0,0.00,,0.00,,,,,,,,,,,,,,
2019-05-25,4.27定向,i7台式电脑全套分期免息主机吃鸡整机家用组装机水冷高配网吧游戏型地下城搬砖高端apex英雄联盟直播游戏专用,宝贝推广,586640073589,定向投放,计算机站外,1161,2,47,0.17,23.50,40.48,,,,,,,,,,,,,,
2019-05-25,4.27定向,i7台式电脑全套分期免息主机吃鸡整机家用组装机水冷高配网吧游戏型地下城搬砖高端apex英雄联盟直播游戏专用,宝贝推广,586640073589,搜索,移动站内,48,0,0,0.00,,0.00,,,,,,,,,,,,,,
2019-05-25,4.27定向,i7台式电脑全套分期免息主机吃鸡整机家用组装机水冷高配网吧游戏型地下城搬砖高端apex英雄联盟直播游戏专用,宝贝推广,586640073589,定向投放,移动站内,5909,47,3160,0.80,67.23,534.78,0.00,0,0,0,0,0,0,1,0,1,0.00,7,0,7
2019-05-25,4.27定向,i7台式电脑全套分期免息主机吃鸡整机家用组装机水冷高配网吧游戏型地下城搬砖高端apex英雄联盟直播游戏专用,宝贝推广,586640073589,搜索,移动站外,55,0,0,0.00,,0.00,,,,,,,,,,,,,,
2019-05-25,4.27定向,i7台式电脑全套分期免息主机吃鸡整机家用组装机水冷高配网吧游戏型地下城搬砖高端apex英雄联盟直播游戏专用,宝贝推广,586640073589,定向投放,移动站外,7511,45,1369,0.60,30.42,182.27,,,,,,,,,,,,,,
2019-05-25,4.16电脑主机词系,i7台式电脑全套分期免息主机吃鸡整机家用组装机水冷高配网吧游戏型地下城搬砖高端apex英雄联盟直播游戏专用,宝贝推广,586640073589,搜索,计算机站内,2,0,0,0.00,,0.00,,,,,,,,,,,,,,
2019-05-25,4.16电脑主机词系,i7台式电脑全套分期免息主机吃鸡整机家用组装机水冷高配网吧游戏型地下城搬砖高端apex英雄联盟直播游戏专用,宝贝推广,586640073589,搜索,移动站内,1501,53,16000,3.53,301.89,10659.56,0.00,0,0,0,0,0,0,2,0,2,0.00,4,0,4
2019-05-25,4.27电脑台式,i7台式电脑全套分期免息主机吃鸡整机家用组装机水冷高配网吧游戏型地下城搬砖高端apex英雄联盟直播游戏专用,宝贝推广,586640073589,搜索,计算机站内,2,0,0,0.00,,0.00,,,,,,,,,,,,,,
2019-05-25,4.27电脑台式,i7台式电脑全套分期免息主机吃鸡整机家用组装机水冷高配网吧游戏型地下城搬砖高端apex英雄联盟直播游戏专用,宝贝推广,586640073589,搜索,移动站内,2332,61,16000,2.62,262.30,6861.06,0.00,0,0,0,0,0,0,0,0,0,0.00,4,0,4
2019-05-25,4.23-主卖2899,英特尔i7台式电脑全套主机吃鸡整机家用组装机水冷高配网吧游戏型刺激战场高端直播专用,销量明星,586640073589,搜索,移动站内,173,65,8103,37.57,124.66,46838.15,0.00,0,0,0,0,0,0,1,0,1,0.00,3,0,3
2019-05-25,4.23-1899,英特尔i7台式电脑主机。i5高端吃鸡组装直播apex英雄联盟网吧游戏型水冷lol全套主播专用dnf搬砖办公家用高配,销量明星,572036879603,搜索,移动站内,32,11,1178,34.38,107.09,36812.50,,,,,,,,,,,,,,
